-- MySQL dump 10.13  Distrib 8.0.29, for macos12 (x86_64)
--
-- Host: localhost    Database: surgdb
-- ------------------------------------------------------
-- Server version	8.0.29

/*!40101 SET @OLD_CHARACTER_SET_CLIENT=@@CHARACTER_SET_CLIENT */;
/*!40101 SET @OLD_CHARACTER_SET_RESULTS=@@CHARACTER_SET_RESULTS */;
/*!40101 SET @OLD_COLLATION_CONNECTION=@@COLLATION_CONNECTION */;
/*!50503 SET NAMES utf8 */;
/*!40103 SET @OLD_TIME_ZONE=@@TIME_ZONE */;
/*!40103 SET TIME_ZONE='+00:00' */;
/*!40014 SET @OLD_UNIQUE_CHECKS=@@UNIQUE_CHECKS, UNIQUE_CHECKS=0 */;
/*!40014 SET @OLD_FOREIGN_KEY_CHECKS=@@FOREIGN_KEY_CHECKS, FOREIGN_KEY_CHECKS=0 */;
/*!40101 SET @OLD_SQL_MODE=@@SQL_MODE, SQL_MODE='NO_AUTO_VALUE_ON_ZERO' */;
/*!40111 SET @OLD_SQL_NOTES=@@SQL_NOTES, SQL_NOTES=0 */;

--
-- Table structure for table `admins`
--

DROP TABLE IF EXISTS `admins`;
/*!40101 SET @saved_cs_client     = @@character_set_client */;
/*!50503 SET character_set_client = utf8mb4 */;
CREATE TABLE `admins` (
  `AID` int NOT NULL,
  `Name` varchar(255) DEFAULT NULL,
  `Gender` varchar(6) DEFAULT NULL,
  `Birthdate` date DEFAULT NULL,
  `Phone` int DEFAULT NULL,
  `Email` varchar(255) DEFAULT NULL,
  PRIMARY KEY (`AID`)
) ENGINE=InnoDB DEFAULT CHARSET=utf8mb4 COLLATE=utf8mb4_0900_ai_ci;
/*!40101 SET character_set_client = @saved_cs_client */;

--
-- Dumping data for table `admins`
--

LOCK TABLES `admins` WRITE;
/*!40000 ALTER TABLE `admins` DISABLE KEYS */;
INSERT INTO `admins` VALUES (1,'azoza','female','2001-10-13',1111087653,'ezzat@gmail.com');
/*!40000 ALTER TABLE `admins` ENABLE KEYS */;
UNLOCK TABLES;

--
-- Table structure for table `appointments`
--

DROP TABLE IF EXISTS `appointments`;
/*!40101 SET @saved_cs_client     = @@character_set_client */;
/*!50503 SET character_set_client = utf8mb4 */;
CREATE TABLE `appointments` (
  `appointment_id` int NOT NULL AUTO_INCREMENT,
  `DID` int DEFAULT NULL,
  `PID` int DEFAULT NULL,
  `date` date DEFAULT NULL,
  `surgery` int DEFAULT NULL,
  `time` varchar(45) DEFAULT NULL,
  PRIMARY KEY (`appointment_id`)
) ENGINE=InnoDB AUTO_INCREMENT=14 DEFAULT CHARSET=utf8mb4 COLLATE=utf8mb4_0900_ai_ci;
/*!40101 SET character_set_client = @saved_cs_client */;

--
-- Dumping data for table `appointments`
--

LOCK TABLES `appointments` WRITE;
/*!40000 ALTER TABLE `appointments` DISABLE KEYS */;
INSERT INTO `appointments` VALUES (10,6,1,'2022-07-18',4,'11am-12pm'),(11,3,1,'2022-06-15',3,'3pm-4pm'),(12,5,1,'2022-06-10',4,'4pm-5pm'),(13,4,2,'2022-07-15',4,'9pm-10pm');
/*!40000 ALTER TABLE `appointments` ENABLE KEYS */;
UNLOCK TABLES;

--
-- Table structure for table `doc_schedule`
--

DROP TABLE IF EXISTS `doc_schedule`;
/*!40101 SET @saved_cs_client     = @@character_set_client */;
/*!50503 SET character_set_client = utf8mb4 */;
CREATE TABLE `doc_schedule` (
  `DID` int DEFAULT NULL,
  `working_times` varchar(45) DEFAULT NULL,
  `id` int NOT NULL AUTO_INCREMENT,
  PRIMARY KEY (`id`)
) ENGINE=InnoDB AUTO_INCREMENT=13 DEFAULT CHARSET=utf8mb4 COLLATE=utf8mb4_0900_ai_ci;
/*!40101 SET character_set_client = @saved_cs_client */;

--
-- Dumping data for table `doc_schedule`
--

LOCK TABLES `doc_schedule` WRITE;
/*!40000 ALTER TABLE `doc_schedule` DISABLE KEYS */;
INSERT INTO `doc_schedule` VALUES (3,'3pm-4pm',1),(3,'4pm-5pm',2),(4,'8pm-9pm',3),(4,'9pm-10pm',4),(5,'4pm-5pm',5),(6,'11am-12pm',6),(7,'2pm-3pm',7),(7,'6pm-7pm',8),(8,'4pm-5pm',9),(9,'1pm-2pm',10),(9,'2pm-3pm',11),(10,'5pm-6pm',12);
/*!40000 ALTER TABLE `doc_schedule` ENABLE KEYS */;
UNLOCK TABLES;

--
-- Table structure for table `doctors`
--

DROP TABLE IF EXISTS `doctors`;
/*!40101 SET @saved_cs_client     = @@character_set_client */;
/*!50503 SET character_set_client = utf8mb4 */;
CREATE TABLE `doctors` (
  `DID` int NOT NULL AUTO_INCREMENT,
  `Name` varchar(45) DEFAULT NULL,
  `gender` varchar(45) DEFAULT NULL,
  `phone` int DEFAULT NULL,
  `Specialization` varchar(45) DEFAULT NULL,
  `email` varchar(45) DEFAULT NULL,
  `Birthdate` date DEFAULT NULL,
  PRIMARY KEY (`DID`),
  KEY `speciality_idx` (`Specialization`)
) ENGINE=InnoDB AUTO_INCREMENT=12 DEFAULT CHARSET=utf8mb4 COLLATE=utf8mb4_0900_ai_ci;
/*!40101 SET character_set_client = @saved_cs_client */;

--
-- Dumping data for table `doctors`
--

LOCK TABLES `doctors` WRITE;
/*!40000 ALTER TABLE `doctors` DISABLE KEYS */;
INSERT INTO `doctors` VALUES (3,'fathy','male',5373583,'3',NULL,NULL),(4,'Amira','female',456555654,'4','maramiro@gmail.com','2001-10-13'),(5,'samar','female',568787978,'4',NULL,NULL),(6,'sami','male',32424443,'4',NULL,NULL),(7,'shadi','male',3545454,'5',NULL,NULL),(8,'suzan','female',354545555,'6',NULL,NULL),(9,'tarek','male',435555,'5',NULL,NULL),(10,'menna','female',435008594,'6',NULL,NULL),(11,'ahmed','male',1008765439,'3','ahmed@gmail.com','2001-06-03');
/*!40000 ALTER TABLE `doctors` ENABLE KEYS */;
UNLOCK TABLES;

--
-- Table structure for table `patients`
--

DROP TABLE IF EXISTS `patients`;
/*!40101 SET @saved_cs_client     = @@character_set_client */;
/*!50503 SET character_set_client = utf8mb4 */;
CREATE TABLE `patients` (
  `PID` int NOT NULL AUTO_INCREMENT,
  `first_name` varchar(255) DEFAULT NULL,
  `Gender` varchar(6) DEFAULT NULL,
  `Birthdate` date DEFAULT NULL,
  `Phone` int DEFAULT NULL,
  `email` varchar(255) DEFAULT NULL,
  `last_name` varchar(45) DEFAULT NULL,
  PRIMARY KEY (`PID`),
  KEY `email_idx` (`email`),
  CONSTRAINT `email` FOREIGN KEY (`email`) REFERENCES `users` (`email`)
) ENGINE=InnoDB AUTO_INCREMENT=6 DEFAULT CHARSET=utf8mb4 COLLATE=utf8mb4_0900_ai_ci;
/*!40101 SET character_set_client = @saved_cs_client */;

--
-- Dumping data for table `patients`
--

LOCK TABLES `patients` WRITE;
/*!40000 ALTER TABLE `patients` DISABLE KEYS */;
INSERT INTO `patients` VALUES (1,'mariam','Female','2001-01-29',1111032686,'mariammeccawi@hotmail.com','wael'),(2,'damed','Male','2002-05-20',1002673869,'dd@hotmail.com','dedi'),(4,'dodo','Male','2003-10-21',1111850989,'dodo@hotmail.com','toto'),(5,'fofa','Female','2002-02-02',1111987654,'fofe@hotmail.com','fefe');
/*!40000 ALTER TABLE `patients` ENABLE KEYS */;
UNLOCK TABLES;

--
-- Table structure for table `surgery`
--

DROP TABLE IF EXISTS `surgery`;
/*!40101 SET @saved_cs_client     = @@character_set_client */;
/*!50503 SET character_set_client = utf8mb4 */;
CREATE TABLE `surgery` (
  `idSurgery` int NOT NULL AUTO_INCREMENT,
  `Surgery_name` varchar(45) DEFAULT NULL,
  `Surgery_cost` int DEFAULT NULL,
  PRIMARY KEY (`idSurgery`)
) ENGINE=InnoDB AUTO_INCREMENT=7 DEFAULT CHARSET=utf8mb4 COLLATE=utf8mb4_0900_ai_ci;
/*!40101 SET character_set_client = @saved_cs_client */;

--
-- Dumping data for table `surgery`
--

LOCK TABLES `surgery` WRITE;
/*!40000 ALTER TABLE `surgery` DISABLE KEYS */;
INSERT INTO `surgery` VALUES (3,'catarct',4000),(4,'LASIK',777),(5,'PRK',5000),(6,'Glaucoma surgery',20000);
/*!40000 ALTER TABLE `surgery` ENABLE KEYS */;
UNLOCK TABLES;

--
-- Table structure for table `users`
--

DROP TABLE IF EXISTS `users`;
/*!40101 SET @saved_cs_client     = @@character_set_client */;
/*!50503 SET character_set_client = utf8mb4 */;
CREATE TABLE `users` (
  `email` varchar(255) NOT NULL,
  `password` varchar(255) DEFAULT NULL,
  `category` int DEFAULT NULL,
  PRIMARY KEY (`email`)
) ENGINE=InnoDB DEFAULT CHARSET=utf8mb4 COLLATE=utf8mb4_0900_ai_ci;
/*!40101 SET character_set_client = @saved_cs_client */;

--
-- Dumping data for table `users`
--

LOCK TABLES `users` WRITE;
/*!40000 ALTER TABLE `users` DISABLE KEYS */;
INSERT INTO `users` VALUES ('ahmed@gmail.com','0987654321',2),('dd@hotmail.com','asdfghj',1),('dodo@hotmail.com','mnbvcxz',1),('ezzat@gmail.com','qwertyu',3),('fofe@hotmail.com','lkjhgfd',1),('maramiro@gmail.com','0987654',2),('mariammeccawi@hotmail.com','1234567',1);
/*!40000 ALTER TABLE `users` ENABLE KEYS */;
UNLOCK TABLES;
/*!40103 SET TIME_ZONE=@OLD_TIME_ZONE */;

/*!40101 SET SQL_MODE=@OLD_SQL_MODE */;
/*!40014 SET FOREIGN_KEY_CHECKS=@OLD_FOREIGN_KEY_CHECKS */;
/*!40014 SET UNIQUE_CHECKS=@OLD_UNIQUE_CHECKS */;
/*!40101 SET CHARACTER_SET_CLIENT=@OLD_CHARACTER_SET_CLIENT */;
/*!40101 SET CHARACTER_SET_RESULTS=@OLD_CHARACTER_SET_RESULTS */;
/*!40101 SET COLLATION_CONNECTION=@OLD_COLLATION_CONNECTION */;
/*!40111 SET SQL_NOTES=@OLD_SQL_NOTES */;

-- Dump completed on 2022-06-03  3:22:12
