-- MySQL dump 10.13  Distrib 8.0.29, for Win64 (x86_64)
--
-- Host: localhost    Database: mypythondatabase2
-- ------------------------------------------------------
-- Server version	8.0.29

/*!40101 SET @OLD_CHARACTER_SET_CLIENT=@@CHARACTER_SET_CLIENT */;
/*!40101 SET @OLD_CHARACTER_SET_RESULTS=@@CHARACTER_SET_RESULTS */;
/*!40101 SET @OLD_COLLATION_CONNECTION=@@COLLATION_CONNECTION */;
/*!50503 SET NAMES utf8 */;
/*!40103 SET @OLD_TIME_ZONE=@@TIME_ZONE */;
/*!40103 SET TIME_ZONE='+00:00' */;
/*!40014 SET @OLD_UNIQUE_CHECKS=@@UNIQUE_CHECKS, UNIQUE_CHECKS=0 */;
/*!40014 SET @OLD_FOREIGN_KEY_CHECKS=@@FOREIGN_KEY_CHECKS, FOREIGN_KEY_CHECKS=0 */;
/*!40101 SET @OLD_SQL_MODE=@@SQL_MODE, SQL_MODE='NO_AUTO_VALUE_ON_ZERO' */;
/*!40111 SET @OLD_SQL_NOTES=@@SQL_NOTES, SQL_NOTES=0 */;

--
-- Table structure for table `admins`
--

DROP TABLE IF EXISTS `admins`;
/*!40101 SET @saved_cs_client     = @@character_set_client */;
/*!50503 SET character_set_client = utf8mb4 */;
CREATE TABLE `admins` (
  `AID` int NOT NULL AUTO_INCREMENT,
  `Name` varchar(255) DEFAULT NULL,
  `Gender` varchar(6) DEFAULT NULL,
  `Birthdate` date DEFAULT NULL,
  `Phone` int DEFAULT NULL,
  `Email` varchar(255) DEFAULT NULL,
  PRIMARY KEY (`AID`),
  KEY `email_idx` (`email`),
  CONSTRAINT `email` FOREIGN KEY (`email`) REFERENCES `users` (`email`)
) ENGINE=InnoDB DEFAULT CHARSET=utf8mb4 COLLATE=utf8mb4_0900_ai_ci;
/*!40101 SET character_set_client = @saved_cs_client */;

--
-- Dumping data for table `admins`
--

LOCK TABLES `admins` WRITE;
/*!40000 ALTER TABLE `admins` DISABLE KEYS */;
/*!40000 ALTER TABLE `admins` ENABLE KEYS */;
UNLOCK TABLES;

--
-- Table structure for table `appointments`
--

DROP TABLE IF EXISTS `appointments`;
/*!40101 SET @saved_cs_client     = @@character_set_client */;
/*!50503 SET character_set_client = utf8mb4 */;
CREATE TABLE `appointments` (
  `appointment_id` int NOT NULL AUTO_INCREMENT,
  `DID` int DEFAULT NULL,
  `PID` int DEFAULT NULL,
  `date` date DEFAULT NULL,
  `surgery` int DEFAULT NULL,
  `time` varchar(45) DEFAULT NULL,
  PRIMARY KEY (`appointment_id`),
  KEY `doctID` (`DID`),
  KEY `patID` (`PID`),
  KEY `surgery_idx` (`surgery`),
  CONSTRAINT `doc_id` FOREIGN KEY (`DID`) REFERENCES `doctors` (`DID`),
  CONSTRAINT `PID` FOREIGN KEY (`PID`) REFERENCES `patients` (`PID`),
  CONSTRAINT `surgery` FOREIGN KEY (`surgery`) REFERENCES `surgery` (`idSurgery`)
) ENGINE=InnoDB AUTO_INCREMENT=9 DEFAULT CHARSET=utf8mb4 COLLATE=utf8mb4_0900_ai_ci;
/*!40101 SET character_set_client = @saved_cs_client */;

--
-- Dumping data for table `appointments`
--

LOCK TABLES `appointments` WRITE;
/*!40000 ALTER TABLE `appointments` DISABLE KEYS */;
INSERT INTO `appointments` VALUES (8,7,NULL,'2022-06-04',5,'2pm-3pm');
/*!40000 ALTER TABLE `appointments` ENABLE KEYS */;
UNLOCK TABLES;

--
-- Table structure for table `doc_schedule`
--

DROP TABLE IF EXISTS `doc_schedule`;
/*!40101 SET @saved_cs_client     = @@character_set_client */;
/*!50503 SET character_set_client = utf8mb4 */;
CREATE TABLE `doc_schedule` (
  `DID` int DEFAULT NULL,
  `working_times` varchar(45) DEFAULT NULL,
  `id` int NOT NULL AUTO_INCREMENT,
  PRIMARY KEY (`id`),
  KEY `DID_idx` (`DID`),
  FOREIGN KEY (`DID`) REFERENCES `doctors` (`DID`)
) ENGINE=InnoDB AUTO_INCREMENT=13 DEFAULT CHARSET=utf8mb4 COLLATE=utf8mb4_0900_ai_ci;
/*!40101 SET character_set_client = @saved_cs_client */;

--
-- Dumping data for table `doc_schedule`
--

LOCK TABLES `doc_schedule` WRITE;
/*!40000 ALTER TABLE `doc_schedule` DISABLE KEYS */;
INSERT INTO `doc_schedule` VALUES (3,'3pm-4pm',1),(3,'4pm-5pm',2),(4,'8pm-9pm',3),(4,'9pm-10pm',4),(5,'4pm-5pm',5),(6,'11am-12pm',6),(7,'2pm-3pm',7),(7,'6pm-7pm',8),(8,'4pm-5pm',9),(9,'1pm-2pm',10),(9,'2pm-3pm',11),(10,'5pm-6pm',12);
/*!40000 ALTER TABLE `doc_schedule` ENABLE KEYS */;
UNLOCK TABLES;

--
-- Table structure for table `doctors`
--

DROP TABLE IF EXISTS `doctors`;
/*!40101 SET @saved_cs_client     = @@character_set_client */;
/*!50503 SET character_set_client = utf8mb4 */;
CREATE TABLE `doctors` (
  `DID` int NOT NULL AUTO_INCREMENT,
  `Name` varchar(45) DEFAULT NULL,
  `gender` varchar(45) DEFAULT NULL,
  `phone` int DEFAULT NULL,
  `Specialization` int DEFAULT NULL,
  `email` varchar(45) DEFAULT NULL,
  `birthdate` date DEFAULT NULL,
  PRIMARY KEY (`DID`),
  KEY `speciality_idx` (`Specialization`),
  KEY `DID_idx` (`DID`),
  FOREIGN KEY (`email`) REFERENCES `users` (`email`)
) ENGINE=InnoDB AUTO_INCREMENT=11 DEFAULT CHARSET=utf8mb4 COLLATE=utf8mb4_0900_ai_ci;
/*!40101 SET character_set_client = @saved_cs_client */;

--
-- Dumping data for table `doctors`
--

LOCK TABLES `doctors` WRITE;
/*!40000 ALTER TABLE `doctors` DISABLE KEYS */;
INSERT INTO `doctors` VALUES (3,'fathy','male',5373583,3,NULL,NULL),(4,'farah','female',456555654,4,NULL,NULL),(5,'samar','female',568787978,4,NULL,NULL),(6,'sami','male',32424443,4,NULL,NULL),(7,'shadi','male',3545454,5,NULL,NULL),(8,'suzan','female',354545555,6,NULL,NULL),(9,'tarek','male',435555,5,NULL,NULL),(10,'menna','female',435008594,6,NULL,NULL);
/*!40000 ALTER TABLE `doctors` ENABLE KEYS */;
UNLOCK TABLES;

--
-- Table structure for table `patients`
--

DROP TABLE IF EXISTS `patients`;
/*!40101 SET @saved_cs_client     = @@character_set_client */;
/*!50503 SET character_set_client = utf8mb4 */;
CREATE TABLE `patients` (
  `PID` int NOT NULL AUTO_INCREMENT,
  `first_name` varchar(255) DEFAULT NULL,
  `Gender` varchar(6) DEFAULT NULL,
  `Birthdate` date DEFAULT NULL,
  `Phone` int DEFAULT NULL,
  `email` varchar(255) DEFAULT NULL,
  `last_name` varchar(45) DEFAULT NULL,
  PRIMARY KEY (`PID`),
  FOREIGN KEY (`email`) REFERENCES `users` (`email`)
) ENGINE=InnoDB AUTO_INCREMENT=3 DEFAULT CHARSET=utf8mb4 COLLATE=utf8mb4_0900_ai_ci;
/*!40101 SET character_set_client = @saved_cs_client */;

--
-- Dumping data for table `patients`
--

LOCK TABLES `patients` WRITE;
/*!40000 ALTER TABLE `patients` DISABLE KEYS */;
/*!40000 ALTER TABLE `patients` ENABLE KEYS */;
UNLOCK TABLES;

--
-- Table structure for table `surgery`
--

DROP TABLE IF EXISTS `surgery`;
/*!40101 SET @saved_cs_client     = @@character_set_client */;
/*!50503 SET character_set_client = utf8mb4 */;
CREATE TABLE `surgery` (
  `idSurgery` int NOT NULL AUTO_INCREMENT,
  `Surgery_name` varchar(45) DEFAULT NULL,
  `Surgery_cost` int DEFAULT NULL,
  PRIMARY KEY (`idSurgery`)
) ENGINE=InnoDB AUTO_INCREMENT=7 DEFAULT CHARSET=utf8mb4 COLLATE=utf8mb4_0900_ai_ci;
/*!40101 SET character_set_client = @saved_cs_client */;

--
-- Dumping data for table `surgery`
--

LOCK TABLES `surgery` WRITE;
/*!40000 ALTER TABLE `surgery` DISABLE KEYS */;
INSERT INTO `surgery` VALUES (3,'catarct',4000),(4,'LASIK',777),(5,'PRK',5000),(6,'Glaucoma surgery',20000);
/*!40000 ALTER TABLE `surgery` ENABLE KEYS */;
UNLOCK TABLES;

--
-- Table structure for table `users`
--

DROP TABLE IF EXISTS `users`;
/*!40101 SET @saved_cs_client     = @@character_set_client */;
/*!50503 SET character_set_client = utf8mb4 */;
CREATE TABLE `users` (
  `email` varchar(255) NOT NULL,
  `password` varchar(255) DEFAULT NULL,
  `category` varchar(255) DEFAULT NULL,
  PRIMARY KEY (`email`)
) ENGINE=InnoDB DEFAULT CHARSET=utf8mb4 COLLATE=utf8mb4_0900_ai_ci;
/*!40101 SET character_set_client = @saved_cs_client */;

--
-- Dumping data for table `users`
--

LOCK TABLES `users` WRITE;
/*!40000 ALTER TABLE `users` DISABLE KEYS */;
INSERT INTO `users` VALUES ('boo@hotmail.com','123456789','1'),('ccf','sha256$hII29AkavwCBnSyX$69775897c09084dfd6daf10aacf78956d9d497b56c4431cf71b1f0ae3013c867','1'),('DD','sha256$ZyI6EiKJa1UDy9Y1$2333c94167a09645ac1db08c782daeea84681c0bfa3a34d18416e5dd73c520fe','1'),('ddd','sha256$7a6UPxc1c2WHFX5V$7a3a62581aebd3225430435454e8cf0d64e99f23ac3e37f886cc2793f1b5457e','1'),('ee','sha256$7GMtgGMNasspcXVm$6b73fb92ad80a3b08531572ce0962d381b818577030e257f9e5795b01dfaf96b','1'),('gf','sha256$DrD026gfZ8RV5lKf$885f1e74099188e771ac09d30a1abea199648813f9194bea16216e983ab16455','1'),('hager.sherif2001@hotmail.com','gggggggggg','1'),('hello','sha256$slabwbjpeZCcFpH1$36ac95b8c96f04f46f6efc9cd84ff0f86227378b917908902920613c5a45cfbf','1'),('hjds@hotmail.com','888888888','1'),('hola','sha256$v7W1XDd3GDfr3yDC$22e6f900e74dbc6cf127226d374d7e802ba7f112b3247887942c448932cff6ec','1');
/*!40000 ALTER TABLE `users` ENABLE KEYS */;
UNLOCK TABLES;
/*!40103 SET TIME_ZONE=@OLD_TIME_ZONE */;

/*!40101 SET SQL_MODE=@OLD_SQL_MODE */;
/*!40014 SET FOREIGN_KEY_CHECKS=@OLD_FOREIGN_KEY_CHECKS */;
/*!40014 SET UNIQUE_CHECKS=@OLD_UNIQUE_CHECKS */;
/*!40101 SET CHARACTER_SET_CLIENT=@OLD_CHARACTER_SET_CLIENT */;
/*!40101 SET CHARACTER_SET_RESULTS=@OLD_CHARACTER_SET_RESULTS */;
/*!40101 SET COLLATION_CONNECTION=@OLD_COLLATION_CONNECTION */;
/*!40111 SET SQL_NOTES=@OLD_SQL_NOTES */;

-- Dump completed on 2022-06-02  1:36:10
